{
  "disc": {
    "2.0": 25.999999046325684,
    "3.0": 23.000000417232513,
    "4.0": 31.00000023841858,
    "5.0": 30.000001192092896,
    "6.0": 33.000001311302185,
    "7.0": 27.000001072883606,
    "8.0": 23.999999463558197,
    "9.0": 30.000001192092896,
    "10.0": 37.00000047683716
  },
  "ulsif": {
    "2.0": 7.999999821186066,
    "3.0": 9.000000357627869,
    "4.0": 10.000000149011612,
    "5.0": 11.999999731779099,
    "6.0": 11.999999731779099,
    "7.0": 10.999999940395355,
    "8.0": 5.999999865889549,
    "9.0": 10.000000149011612,
    "10.0": 12.999999523162842
  },
  "rulsif": {
    "2.0": 20.999999344348907,
    "3.0": 18.000000715255737,
    "4.0": 25.0,
    "5.0": 15.000000596046448,
    "6.0": 25.0,
    "7.0": 20.000000298023224,
    "8.0": 25.0,
    "9.0": 25.0,
    "10.0": 25.999999046325684
  },
  "kliep": {
    "2.0": 10.999999940395355,
    "3.0": 10.000000149011612,
    "4.0": 7.999999821186066,
    "5.0": 10.000000149011612,
    "6.0": 5.999999865889549,
    "7.0": 10.000000149011612,
    "8.0": 9.000000357627869,
    "9.0": 7.999999821186066,
    "10.0": 10.999999940395355
  },
  "dv": {
    "1.0": 9.000000357627869,
    "2.0": 14.000000059604645,
    "3.0": 7.999999821186066,
    "4.0": 7.000000029802322,
    "5.0": 7.000000029802322,
    "6.0": 7.000000029802322,
    "7.0": 5.000000074505806,
    "8.0": 7.000000029802322,
    "9.0": 7.999999821186066,
    "10.0": 5.000000074505806,
    "11.0": 7.999999821186066,
    "12.0": 5.000000074505806,
    "13.0": 9.000000357627869,
    "14.0": 7.999999821186066,
    "15.0": 5.999999865889549
  },
  "infonce": {
    "1.0": 14.0,
    "2.0": 10.0,
    "3.0": 9.0,
    "4.0": 16.0,
    "5.0": 8.0,
    "6.0": 11.0,
    "7.0": 11.0,
    "8.0": 15.999999642372131,
    "9.0": 20.000000298023224,
    "10.0": 23.999999463558197,
    "11.0": 9.000000357627869,
    "12.0": 27.000001072883606,
    "13.0": 18.99999976158142,
    "14.0": 15.999999642372131,
    "15.0": 23.999999463558197
  }
}